﻿<?xml version="1.0" encoding="utf-8"?>
<Package xmlns="http://schemas.microsoft.com/appx/manifest/foundation/windows10" xmlns:mp="http://schemas.microsoft.com/appx/2014/phone/manifest" xmlns:uap="http://schemas.microsoft.com/appx/manifest/uap/windows10" xmlns:build="http://schemas.microsoft.com/developer/appx/2015/build" IgnorableNamespaces="uap mp build"> 
	<Identity Name="ScrollbarsTest" Publisher="CN=INSERT-YOUR-PACKAGE-IDENTITY-PUBLISHER-HERE" Version="1.0.0.1" ProcessorArchitecture="neutral"/> 
	<mp:PhoneIdentity PhoneProductId="a964091d-57a9-1738-f240-b9bcf237ca12" PhonePublisherId="00000000-0000-0000-0000-000000000000"/> 

	<build:Metadata>
		<build:Item Name="GenerationTool" Version="pwabuilder-api"/>
		<build:Item Name="GenerationToolVersion" Version="2.0.1-rc.0"/>
    <build:Item Name="PlatformId" Value="windows10"/>
    <build:Item Name="PlatformPackage" Value="pwabuilder-windows10"/>
    <build:Item Name="PlatformVersion" Version="2.0.3-rc.1"/>
		<build:Item Name="GeneratedFrom" Value="Website Wizard"/>
		<build:Item Name="GenerationDate" Value="2018-04-03 00:27:22 Z"/>
		<build:Item Name="GeneratedURL" Value="https://scrollbarstestpwa.azurewebsites.net/manifest.json"/>
	</build:Metadata>

	<Properties> 
		<DisplayName>ScrollbarsTest</DisplayName> 
    <PublisherDisplayName>ScrollbarsTest</PublisherDisplayName>
    <Logo>images\StoreLogo.png</Logo> 
	</Properties> 

	<Dependencies> 
		<TargetDeviceFamily Name="Windows.Universal" MinVersion="10.0.10240.0" MaxVersionTested="10.0.10240.0"/> 
	</Dependencies> 

	<Resources>
	<Resource Language="en-us"/> 
	 </Resources> 

	<Applications> 
		<Application Id="ScrollbarsTest" StartPage="https://scrollbarstestpwa.azurewebsites.net/"> 
			<uap:VisualElements DisplayName="ScrollbarsTest" Square150x150Logo="images\Square150x150Logo.png" Square44x44Logo="images\Square44x44Logo.png" Description="Just a test" BackgroundColor="transparent"> 
				<uap:InitialRotationPreference> 
					<uap:Rotation Preference="portrait"/> 
				</uap:InitialRotationPreference> 
			</uap:VisualElements> 
			<uap:ApplicationContentUriRules>
				<uap:Rule Type="include" WindowsRuntimeAccess="none" Match="https://*"/>
				<uap:Rule Type="include" WindowsRuntimeAccess="all" Match="https://scrollbarstestpwa.azurewebsites.net/"/>
			</uap:ApplicationContentUriRules>
		</Application> 
	</Applications> 

	<Capabilities>
		<Capability Name="internetClient"/>
		
	</Capabilities>

</Package>